<?xml version="1.0" encoding="UTF-8"?>
<project-private xmlns="http://www.netbeans.org/ns/project-private/1">
    <editor-bookmarks xmlns="http://www.netbeans.org/ns/editor-bookmarks/2" lastBookmarkId="0"/>
    <open-files xmlns="http://www.netbeans.org/ns/projectui-open-files/2">
        <group>
            <file>file:/Users/Trang/NetBeansProjects/MyApplication/src/java/app/Researcher.java</file>
            <file>file:/Users/Trang/NetBeansProjects/MyApplication/web/stylesheet.css</file>
            <file>file:/Users/Trang/NetBeansProjects/MyApplication/web/index.html</file>
            <file>file:/Users/Trang/NetBeansProjects/MyApplication/web/subject.jsp</file>
            <file>file:/Users/Trang/NetBeansProjects/MyApplication/web/response3.jsp</file>
            <file>file:/Users/Trang/NetBeansProjects/MyApplication/web/researcher.jsp</file>
            <file>file:/Users/Trang/NetBeansProjects/MyApplication/src/java/app/Subject.java</file>
            <file>file:/Users/Trang/NetBeansProjects/MyApplication/web/response2.jsp</file>
            <file>file:/Users/Trang/NetBeansProjects/MyApplication/src/java/app/DBA.java</file>
        </group>
    </open-files>
</project-private>
